,Postal Code,Neighborhood,Neighborhood Latitude,Neighborhood Longitude,Venue,Venue Summary,Venue Category,Distance
0,M3A,Parkwoods,43.7532586,-79.3296565,Allwyn's Bakery,This spot is popular,Caribbean Restaurant,833
1,M3A,Parkwoods,43.7532586,-79.3296565,Brookbanks Park,This spot is popular,Park,245
2,M3A,Parkwoods,43.7532586,-79.3296565,Tim Hortons,This spot is popular,Café,866
3,M3A,Parkwoods,43.7532586,-79.3296565,A&W,This spot is popular,Fast Food Restaurant,852
4,M3A,Parkwoods,43.7532586,-79.3296565,Bruno's valu-mart,This spot is popular,Grocery Store,889
5,M3A,Parkwoods,43.7532586,-79.3296565,Shoppers Drug Mart,This spot is popular,Pharmacy,926
6,M3A,Parkwoods,43.7532586,-79.3296565,Shoppers Drug Mart,This spot is popular,Pharmacy,937
7,M3A,Parkwoods,43.7532586,-79.3296565,Food Basics,This spot is popular,Supermarket,861
8,M3A,Parkwoods,43.7532586,-79.3296565,High Street Fish & Chips,This spot is popular,Fish & Chips Shop,967
9,M3A,Parkwoods,43.7532586,-79.3296565,Pizza Pizza,This spot is popular,Pizza Place,839
10,M3A,Parkwoods,43.7532586,-79.3296565,Variety Store,This spot is popular,Food & Drink Shop,312
11,M3A,Parkwoods,43.7532586,-79.3296565,DVP at York Mills,This spot is popular,Road,722
12,M3A,Parkwoods,43.7532586,-79.3296565,TTC Stop #09083,This spot is popular,Bus Stop,741
13,M3A,Parkwoods,43.7532586,-79.3296565,TTC Stop 9083,This spot is popular,Bus Stop,752
14,M3A,Parkwoods,43.7532586,-79.3296565,Sandover Park,This spot is popular,Park,834
15,M3A,Parkwoods,43.7532586,-79.3296565,TTC Stop #9075,This spot is popular,Train Station,836
16,M3A,Parkwoods,43.7532586,-79.3296565,Dollarama,This spot is popular,Discount Store,855
17,M3A,Parkwoods,43.7532586,-79.3296565,Parkwoods Coin Laundry,This spot is popular,Laundry Service,880
18,M3A,Parkwoods,43.7532586,-79.3296565,Spicy Chicken House,This spot is popular,Chinese Restaurant,881
19,M3A,Parkwoods,43.7532586,-79.3296565,La Notre,This spot is popular,Coffee Shop,896
20,M3A,Parkwoods,43.7532586,-79.3296565,Underhill Mini Mart Convenience,This spot is popular,Convenience Store,912
21,M3A,Parkwoods,43.7532586,-79.3296565,Parkwoods Village Centre,This spot is popular,Shopping Mall,916
22,M3A,Parkwoods,43.7532586,-79.3296565,Family Food Fair Convenience,This spot is popular,Convenience Store,919
23,M3A,Parkwoods,43.7532586,-79.3296565,Parkway Valley Tennis Club,This spot is popular,Tennis Court,924
24,M3A,Parkwoods,43.7532586,-79.3296565,Broadlands Park,This spot is popular,Park,925
25,M3A,Parkwoods,43.7532586,-79.3296565,Nail Princess,This spot is popular,Cosmetics Shop,934
26,M3A,Parkwoods,43.7532586,-79.3296565,Donwood Variety,This spot is popular,Shop & Service,943
27,M3A,Parkwoods,43.7532586,-79.3296565,Donwood Plaza,This spot is popular,Shopping Mall,941
28,M4A,Victoria Village,43.7258823,-79.31557159999998,Victoria Village Arena,This spot is popular,Hockey Arena,267
29,M4A,Victoria Village,43.7258823,-79.31557159999998,Portugril,This spot is popular,Portuguese Restaurant,224
30,M4A,Victoria Village,43.7258823,-79.31557159999998,Tim Hortons,This spot is popular,Coffee Shop,202
31,M4A,Victoria Village,43.7258823,-79.31557159999998,Flemingdon Park Golf Course,This spot is popular,Golf Course,978
32,M4A,Victoria Village,43.7258823,-79.31557159999998,The Frig,This spot is popular,French Restaurant,197
33,M4A,Victoria Village,43.7258823,-79.31557159999998,Eglinton Ave E & Sloane Ave/Bermondsey Rd,This spot is popular,Intersection,158
34,M4A,Victoria Village,43.7258823,-79.31557159999998,Pizza Nova,This spot is popular,Pizza Place,218
35,M4A,Victoria Village,43.7258823,-79.31557159999998,Extreme Fun Indoor Playground,This spot is popular,Playground,605
36,M4A,Victoria Village,43.7258823,-79.31557159999998,Tim Hortons,This spot is popular,Coffee Shop,940
37,M4A,Victoria Village,43.7258823,-79.31557159999998,Freeman Formal Wear,This spot is popular,Men's Store,942
38,M4A,Victoria Village,43.7258823,-79.31557159999998,Lobby Lounge Don Valley Hotel,This spot is popular,Lounge,979
39,M4A,Victoria Village,43.7258823,-79.31557159999998,Tridel Accolade Gym,This spot is popular,Gym / Fitness Center,996
40,M6A,"Lawrence Manor, Lawrence Heights",43.718518,-79.46476329999999,Roots,This spot is popular,Boutique,77
41,M6A,"Lawrence Manor, Lawrence Heights",43.718518,-79.46476329999999,Kitchen Stuff Plus (Clearance Outlet),This spot is popular,Furniture / Home Store,179
42,M6A,"Lawrence Manor, Lawrence Heights",43.718518,-79.46476329999999,Lac Vien Vietnamese Restaurant,This spot is popular,Vietnamese Restaurant,426
43,M6A,"Lawrence Manor, Lawrence Heights",43.718518,-79.46476329999999,BATLgrounds,This spot is popular,Athletics & Sports,625
44,M6A,"Lawrence Manor, Lawrence Heights",43.718518,-79.46476329999999,Yuki Japanese Restaurant,This spot is popular,Sushi Restaurant,733
45,M6A,"Lawrence Manor, Lawrence Heights",43.718518,-79.46476329999999,Krystos,This spot is popular,Greek Restaurant,716
46,M6A,"Lawrence Manor, Lawrence Heights",43.718518,-79.46476329999999,Caffè Demetre,This spot is popular,Dessert Shop,711
47,M6A,"Lawrence Manor, Lawrence Heights",43.718518,-79.46476329999999,Mary Brown's Famous Chicken,This spot is popular,Fried Chicken Joint,729
48,M6A,"Lawrence Manor, Lawrence Heights",43.718518,-79.46476329999999,The Burger's Priest,This spot is popular,Fast Food Restaurant,691
49,M6A,"Lawrence Manor, Lawrence Heights",43.718518,-79.46476329999999,Harvey's,This spot is popular,Restaurant,832
50,M6A,"Lawrence Manor, Lawrence Heights",43.718518,-79.46476329999999,Marche Istanbul,This spot is popular,Grocery Store,577
51,M6A,"Lawrence Manor, Lawrence Heights",43.718518,-79.46476329999999,Popeyes Louisiana Kitchen,This spot is popular,Fried Chicken Joint,799
52,M6A,"Lawrence Manor, Lawrence Heights",43.718518,-79.46476329999999,Playtime Bowl,This spot is popular,Bowling Alley,545
53,M6A,"Lawrence Manor, Lawrence Heights",43.718518,-79.46476329999999,Parker Pet Care,This spot is popular,Pet Store,938
54,M6A,"Lawrence Manor, Lawrence Heights",43.718518,-79.46476329999999,Tim Hortons,This spot is popular,Coffee Shop,279
55,M6A,"Lawrence Manor, Lawrence Heights",43.718518,-79.46476329999999,Dollarama,This spot is popular,Discount Store,636
56,M6A,"Lawrence Manor, Lawrence Heights",43.718518,-79.46476329999999,Orfus Road Shopping Outlets,This spot is popular,Clothing Store,320
57,M6A,"Lawrence Manor, Lawrence Heights",43.718518,-79.46476329999999,TD Canada Trust,This spot is popular,Bank,711
58,M6A,"Lawrence Manor, Lawrence Heights",43.718518,-79.46476329999999,Red Lobster,This spot is popular,Seafood Restaurant,687
59,M6A,"Lawrence Manor, Lawrence Heights",43.718518,-79.46476329999999,Burger King,This spot is popular,Fast Food Restaurant,826
60,M6A,"Lawrence Manor, Lawrence Heights",43.718518,-79.46476329999999,Tora Aburi Sushi,This spot is popular,Sushi Restaurant,988
61,M6A,"Lawrence Manor, Lawrence Heights",43.718518,-79.46476329999999,Ardene Shoes Outlet,This spot is popular,Accessories Store,278
62,M6A,"Lawrence Manor, Lawrence Heights",43.718518,-79.46476329999999,Viet House,This spot is popular,Vietnamese Restaurant,594
63,M6A,"Lawrence Manor, Lawrence Heights",43.718518,-79.46476329999999,Sugar & Spice,This spot is popular,Dessert Shop,696
64,M6A,"Lawrence Manor, Lawrence Heights",43.718518,-79.46476329999999,Tim Hortons,This spot is popular,Coffee Shop,856
65,M6A,"Lawrence Manor, Lawrence Heights",43.718518,-79.46476329999999,Tim Hortons,This spot is popular,Coffee Shop,676
66,M6A,"Lawrence Manor, Lawrence Heights",43.718518,-79.46476329999999,Party City,This spot is popular,Miscellaneous Shop,449
67,M6A,"Lawrence Manor, Lawrence Heights",43.718518,-79.46476329999999,Rinx Real Entertainment Centre,This spot is popular,Event Space,217
68,M6A,"Lawrence Manor, Lawrence Heights",43.718518,-79.46476329999999,Grande Cheese,This spot is popular,Cheese Shop,577
69,M6A,"Lawrence Manor, Lawrence Heights",43.718518,-79.46476329999999,International Clothiers,This spot is popular,Clothing Store,167
70,M6A,"Lawrence Manor, Lawrence Heights",43.718518,-79.46476329999999,Sirens,This spot is popular,Clothing Store,72
71,M6A,"Lawrence Manor, Lawrence Heights",43.718518,-79.46476329999999,Urban Behavior,This spot is popular,Clothing Store,42
72,M6A,"Lawrence Manor, Lawrence Heights",43.718518,-79.46476329999999,Subway,This spot is popular,Sandwich Place,825
73,M6A,"Lawrence Manor, Lawrence Heights",43.718518,-79.46476329999999,Shoeless Joe's,This spot is popular,Restaurant,705
74,M6A,"Lawrence Manor, Lawrence Heights",43.718518,-79.46476329999999,SVP Sports,This spot is popular,Sporting Goods Shop,392
75,M6A,"Lawrence Manor, Lawrence Heights",43.718518,-79.46476329999999,Wendy’s,This spot is popular,Fast Food Restaurant,673
76,M6A,"Lawrence Manor, Lawrence Heights",43.718518,-79.46476329999999,Browser's Den of Magic,This spot is popular,Hobby Shop,587
77,M6A,"Lawrence Manor, Lawrence Heights",43.718518,-79.46476329999999,Orfus Wrap & Grill,This spot is popular,Mediterranean Restaurant,609
78,M6A,"Lawrence Manor, Lawrence Heights",43.718518,-79.46476329999999,The Green Umbrella Cafe,This spot is popular,Café,633
79,M6A,"Lawrence Manor, Lawrence Heights",43.718518,-79.46476329999999,Caledonia Park,This spot is popular,Park,661
80,M6A,"Lawrence Manor, Lawrence Heights",43.718518,-79.46476329999999,Toronto TAPS,This spot is popular,Furniture / Home Store,684
81,M6A,"Lawrence Manor, Lawrence Heights",43.718518,-79.46476329999999,Staples,This spot is popular,Paper / Office Supplies Store,690
82,M6A,"Lawrence Manor, Lawrence Heights",43.718518,-79.46476329999999,toronto sport and social club,This spot is popular,Gym / Fitness Center,738
83,M6A,"Lawrence Manor, Lawrence Heights",43.718518,-79.46476329999999,Kaboom Fireworks,This spot is popular,Fireworks Store,776
84,M6A,"Lawrence Manor, Lawrence Heights",43.718518,-79.46476329999999,Ristorante Boccaccio,This spot is popular,Italian Restaurant,898
85,M6A,"Lawrence Manor, Lawrence Heights",43.718518,-79.46476329999999,Kidnetix Indoor Playground,This spot is popular,Playground,914
86,M3B,Don Mills,43.7459058,-79.352188,LA Fitness,This spot is popular,Gym,455
87,M3B,Don Mills,43.7459058,-79.352188,Island Foods,This spot is popular,Caribbean Restaurant,494
88,M3B,Don Mills,43.7459058,-79.352188,Baretto Caffé,This spot is popular,Café,488
89,M3B,Don Mills,43.7459058,-79.352188,Galleria Supermarket,This spot is popular,Supermarket,874
90,M3B,Don Mills,43.7459058,-79.352188,Matsuda Japanese Cuisine & Teppanyaki,This spot is popular,Japanese Restaurant,514
91,M3B,Don Mills,43.7459058,-79.352188,Gonoe Sushi,This spot is popular,Japanese Restaurant,498
92,M3B,Don Mills,43.7459058,-79.352188,Starbucks,This spot is popular,Coffee Shop,925
93,M3B,Don Mills,43.7459058,-79.352188,Freshii,This spot is popular,Salad Place,926
94,M3B,Don Mills,43.7459058,-79.352188,Big Smoke Burger,This spot is popular,Burger Joint,946
95,M3B,Don Mills,43.7459058,-79.352188,Pizzaiolo,This spot is popular,Pizza Place,996
96,M3B,Don Mills,43.7459058,-79.352188,RBC Royal Bank,This spot is popular,Bank,931
97,M3B,Don Mills,43.7459058,-79.352188,Thai One On,This spot is popular,Thai Restaurant,967
98,M3B,Don Mills,43.7459058,-79.352188,TD Canada Trust,This spot is popular,Bank,889
99,M3B,Don Mills,43.7459058,-79.352188,Five Guys,This spot is popular,Burger Joint,974
100,M3B,Don Mills,43.7459058,-79.352188,LCBO,This spot is popular,Liquor Store,995
101,M3B,Don Mills,43.7459058,-79.352188,Fox & Fiddle,This spot is popular,Bar,983
102,M3B,Don Mills,43.7459058,-79.352188,Dragon Pearl Buffet 龍珠,This spot is popular,Asian Restaurant,889
103,M3B,Don Mills,43.7459058,-79.352188,Second Cup,This spot is popular,Coffee Shop,998
104,M3B,Don Mills,43.7459058,-79.352188,Windfields Restaurant,This spot is popular,Diner,982
105,M3B,Don Mills,43.7459058,-79.352188,Pizza Hut,This spot is popular,Pizza Place,963
106,M3B,Don Mills,43.7459058,-79.352188,Teriyaki Experience,This spot is popular,Japanese Restaurant,955
107,M3B,Don Mills,43.7459058,-79.352188,Cora Breakfast and Lunch,This spot is popular,Breakfast Spot,958
108,M3B,Don Mills,43.7459058,-79.352188,Mr. Greek,This spot is popular,Greek Restaurant,944
109,M3B,Don Mills,43.7459058,-79.352188,Rogers Cafeteria,This spot is popular,Cafeteria,875
110,M3B,Don Mills,43.7459058,-79.352188,Rogers Rbs,This spot is popular,Mobile Phone Shop,887
111,M3B,Don Mills,43.7459058,-79.352188,Swiss Chalet,This spot is popular,Restaurant,920
112,M3B,Don Mills,43.7459058,-79.352188,California Sandwiches,This spot is popular,Sandwich Place,939
113,M3B,Don Mills,43.7459058,-79.352188,Made In Japan Terayaki Experience,This spot is popular,Fast Food Restaurant,955
114,M3B,Don Mills,43.7459058,-79.352188,Liberty Plaza,This spot is popular,Shop & Service,980
115,M3B,Don Mills,43.7459058,-79.352188,Country Style,This spot is popular,Coffee Shop,994
116,M6B,Glencairn,43.709577,-79.44507259999997,Viewmount Park,This spot is popular,Playground,610
117,M6B,Glencairn,43.709577,-79.44507259999997,Miyako Sushi Restaurant,This spot is popular,Japanese Restaurant,105
118,M6B,Glencairn,43.709577,-79.44507259999997,Columbus Colombian Bakery (Panaderia Colombiana),This spot is popular,Latin American Restaurant,666
119,M6B,Glencairn,43.709577,-79.44507259999997,Lady York Foods,This spot is popular,Grocery Store,636
120,M6B,Glencairn,43.709577,-79.44507259999997,Dairy Queen,This spot is popular,Ice Cream Shop,675
121,M6B,Glencairn,43.709577,-79.44507259999997,Starbucks,This spot is popular,Coffee Shop,691
122,M6B,Glencairn,43.709577,-79.44507259999997,Tim Hortons,This spot is popular,Coffee Shop,809
123,M6B,Glencairn,43.709577,-79.44507259999997,Zito's Marketplace,This spot is popular,Grocery Store,517
124,M6B,Glencairn,43.709577,-79.44507259999997,PetSmart,This spot is popular,Pet Store,778
125,M6B,Glencairn,43.709577,-79.44507259999997,RBC Royal Bank,This spot is popular,Bank,833
126,M6B,Glencairn,43.709577,-79.44507259999997,Walter Saunders Memorial Park,This spot is popular,Park,973
127,M6B,Glencairn,43.709577,-79.44507259999997,"Chalker's Pub, Billiards and Bistro",This spot is popular,Pub,478
128,M6B,Glencairn,43.709577,-79.44507259999997,Camarra's Pizzeria & Restaurant,This spot is popular,Pizza Place,691
129,M6B,Glencairn,43.709577,-79.44507259999997,McDonald's,This spot is popular,Fast Food Restaurant,775
130,M6B,Glencairn,43.709577,-79.44507259999997,Petro-Canada,This spot is popular,Gas Station,648
131,M6B,Glencairn,43.709577,-79.44507259999997,Petro-Canada,This spot is popular,Gas Station,708
132,M6B,Glencairn,43.709577,-79.44507259999997,KFC,This spot is popular,Fast Food Restaurant,797
133,M6B,Glencairn,43.709577,-79.44507259999997,Li Cheng Restaurant,This spot is popular,Asian Restaurant,160
134,M6B,Glencairn,43.709577,-79.44507259999997,Darosa,This spot is popular,Mediterranean Restaurant,709
135,M6B,Glencairn,43.709577,-79.44507259999997,Sobeys Urban Fresh Rosebury Square,This spot is popular,Grocery Store,754
136,M6B,Glencairn,43.709577,-79.44507259999997,The West Wing Bar 'n Grill,This spot is popular,Restaurant,650
137,M6B,Glencairn,43.709577,-79.44507259999997,Lawrence West Subway Station,This spot is popular,Metro Station,680
138,M6B,Glencairn,43.709577,-79.44507259999997,Cinque Lire,This spot is popular,Pizza Place,691
139,M6B,Glencairn,43.709577,-79.44507259999997,CINQUElire,This spot is popular,Italian Restaurant,705
140,M6B,Glencairn,43.709577,-79.44507259999997,Viewmount Park Tennis Club,This spot is popular,Tennis Court,705
141,M6B,Glencairn,43.709577,-79.44507259999997,McDonald's,This spot is popular,Fast Food Restaurant,861
142,M6B,Glencairn,43.709577,-79.44507259999997,The Source,This spot is popular,Electronics Store,806
143,M6B,Glencairn,43.709577,-79.44507259999997,Dollarama,This spot is popular,Discount Store,807
144,M6B,Glencairn,43.709577,-79.44507259999997,Fit4less,This spot is popular,Gym,814
145,M6B,Glencairn,43.709577,-79.44507259999997,Tasco,This spot is popular,Furniture / Home Store,848
146,M6B,Glencairn,43.709577,-79.44507259999997,Rosebury Convenience,This spot is popular,Convenience Store,872
147,M6B,Glencairn,43.709577,-79.44507259999997,Sala Caboto,This spot is popular,Italian Restaurant,952
148,M6B,Glencairn,43.709577,-79.44507259999997,Shoppers Drug Mart,This spot is popular,Pharmacy,857
149,M3C,Don Mills,43.72589970000001,-79.340923,Fitness Connection,This spot is popular,Gym,186
150,M3C,Don Mills,43.72589970000001,-79.340923,Sorento Restaurant,This spot is popular,Italian Restaurant,114
151,M3C,Don Mills,43.72589970000001,-79.340923,Oomomo,This spot is popular,Discount Store,198
152,M3C,Don Mills,43.72589970000001,-79.340923,Aga Khan Museum,This spot is popular,History Museum,717
153,M3C,Don Mills,43.72589970000001,-79.340923,Kaiseki Yu-Zen Hashimoto,This spot is popular,Japanese Restaurant,629
154,M3C,Don Mills,43.72589970000001,-79.340923,Tilley Endurables,This spot is popular,Clothing Store,204
155,M3C,Don Mills,43.72589970000001,-79.340923,Swiss Chalet,This spot is popular,Restaurant,109
156,M3C,Don Mills,43.72589970000001,-79.340923,Japanese Canadian Cultural Centre,This spot is popular,Art Gallery,482
157,M3C,Don Mills,43.72589970000001,-79.340923,Tim Hortons,This spot is popular,Coffee Shop,364
158,M3C,Don Mills,43.72589970000001,-79.340923,Diwan,This spot is popular,Middle Eastern Restaurant,723
159,M3C,Don Mills,43.72589970000001,-79.340923,Skiis and Biikes,This spot is popular,Bike Shop,172
160,M3C,Don Mills,43.72589970000001,-79.340923,Bier Markt,This spot is popular,Restaurant,911
161,M3C,Don Mills,43.72589970000001,-79.340923,Just Hockey Source For Sports,This spot is popular,Sporting Goods Shop,188
162,M3C,Don Mills,43.72589970000001,-79.340923,JOEY Don mills,This spot is popular,New American Restaurant,951
163,M3C,Don Mills,43.72589970000001,-79.340923,Memories of Japan,This spot is popular,Japanese Restaurant,131
164,M3C,Don Mills,43.72589970000001,-79.340923,The Beer Store,This spot is popular,Beer Store,129
165,M3C,Don Mills,43.72589970000001,-79.340923,Real Canadian Superstore,This spot is popular,Supermarket,449
166,M3C,Don Mills,43.72589970000001,-79.340923,Ice 'n Cake,This spot is popular,Ice Cream Shop,995
167,M3C,Don Mills,43.72589970000001,-79.340923,TD Canada Trust,This spot is popular,Bank,919
168,M3C,Don Mills,43.72589970000001,-79.340923,South St. Burger,This spot is popular,Burger Joint,957
169,M3C,Don Mills,43.72589970000001,-79.340923,Anthropologie,This spot is popular,Women's Store,975
170,M3C,Don Mills,43.72589970000001,-79.340923,Taylors Landing,This spot is popular,Restaurant,956
171,M3C,Don Mills,43.72589970000001,-79.340923,GoodLife Fitness North York Don Mills and Eglinton,This spot is popular,Gym,449
172,M3C,Don Mills,43.72589970000001,-79.340923,Metro,This spot is popular,Supermarket,906
173,M3C,Don Mills,43.72589970000001,-79.340923,The Beer Store,This spot is popular,Beer Store,449
174,M3C,Don Mills,43.72589970000001,-79.340923,Don Mills Civitan Arena,This spot is popular,Hockey Arena,817
175,M3C,Don Mills,43.72589970000001,-79.340923,Genghis Khan Mongolian Grill,This spot is popular,Asian Restaurant,114
176,M3C,Don Mills,43.72589970000001,-79.340923,Subway,This spot is popular,Sandwich Place,371
177,M3C,Don Mills,43.72589970000001,-79.340923,Asian Legend,This spot is popular,Dim Sum Restaurant,127
178,M3C,Don Mills,43.72589970000001,-79.340923,Harvey's,This spot is popular,Restaurant,78
179,M3C,Don Mills,43.72589970000001,-79.340923,Jack Astor's Bar & Grill,This spot is popular,Restaurant,995
180,M3C,Don Mills,43.72589970000001,-79.340923,Congee Star 帝王名粥,This spot is popular,Chinese Restaurant,105
181,M3C,Don Mills,43.72589970000001,-79.340923,Delimark Cafe,This spot is popular,Coffee Shop,213
182,M3C,Don Mills,43.72589970000001,-79.340923,Tim Hortons,This spot is popular,Coffee Shop,946
183,M3C,Don Mills,43.72589970000001,-79.340923,TTC Bus 925 Don Mills Express,This spot is popular,Bus Line,335
184,M3C,Don Mills,43.72589970000001,-79.340923,Anthony's Cafe,This spot is popular,Café,419
185,M3C,Don Mills,43.72589970000001,-79.340923,Glow Restaurant,This spot is popular,American Restaurant,995
186,M3C,Don Mills,43.72589970000001,-79.340923,Don Mills Rd. & Eglinton Ave E,This spot is popular,Intersection,616
187,M3C,Don Mills,43.72589970000001,-79.340923,Kabuki Sushi Lounge,This spot is popular,Sushi Restaurant,925
188,M3C,Don Mills,43.72589970000001,-79.340923,Moccasin Trail Park,This spot is popular,Park,812
189,M3C,Don Mills,43.72589970000001,-79.340923,Dallimore Cir Gym,This spot is popular,Gym,874
190,M3C,Don Mills,43.72589970000001,-79.340923,Maria's Corner Cafe,This spot is popular,Café,886
191,M3C,Don Mills,43.72589970000001,-79.340923,Atmosphere Shops at Don Mills,This spot is popular,Sporting Goods Shop,969
192,M3C,Don Mills,43.72589970000001,-79.340923,Rogers,This spot is popular,Electronics Store,974
193,M2H,Hillcrest Village,43.8037622,-79.3634517,Tastee,This spot is popular,Bakery,692
194,M2H,Hillcrest Village,43.8037622,-79.3634517,고려삼계탕 Korean Ginseng Chicken Soup & Bibimbap,This spot is popular,Korean Restaurant,754
195,M2H,Hillcrest Village,43.8037622,-79.3634517,Galati,This spot is popular,Grocery Store,815
196,M2H,Hillcrest Village,43.8037622,-79.3634517,Cummer Park,This spot is popular,Park,776
197,M2H,Hillcrest Village,43.8037622,-79.3634517,Tim Hortons,This spot is popular,Coffee Shop,731
198,M2H,Hillcrest Village,43.8037622,-79.3634517,TD Canada Trust,This spot is popular,Bank,731
199,M2H,Hillcrest Village,43.8037622,-79.3634517,Subway,This spot is popular,Sandwich Place,684
200,M2H,Hillcrest Village,43.8037622,-79.3634517,Pizza Pizza,This spot is popular,Pizza Place,709
201,M2H,Hillcrest Village,43.8037622,-79.3634517,Shoppers Drug Mart,This spot is popular,Pharmacy,790
202,M2H,Hillcrest Village,43.8037622,-79.3634517,The Pickle Barrel,This spot is popular,Restaurant,658
203,M2H,Hillcrest Village,43.8037622,-79.3634517,Cliffwood I.D.A. Pharmacy,This spot is popular,Pharmacy,648
204,M2H,Hillcrest Village,43.8037622,-79.3634517,New Greattime Corp.,This spot is popular,Chinese Restaurant,676
205,M2H,Hillcrest Village,43.8037622,-79.3634517,Baskin-Robbins,This spot is popular,Ice Cream Shop,710
206,M2H,Hillcrest Village,43.8037622,-79.3634517,Dexter Plaza,This spot is popular,Shopping Mall,723
207,M2H,Hillcrest Village,43.8037622,-79.3634517,Cummer Park Community Centre,This spot is popular,Recreation Center,728
208,M2H,Hillcrest Village,43.8037622,-79.3634517,Tim Hortons,This spot is popular,Coffee Shop,954
209,M2H,Hillcrest Village,43.8037622,-79.3634517,Woodbrooke Estate,This spot is popular,Residential Building (Apartment / Condo),755
210,M2H,Hillcrest Village,43.8037622,-79.3634517,Cliffwood Park,This spot is popular,Park,778
211,M2H,Hillcrest Village,43.8037622,-79.3634517,Steeles & Leslie,This spot is popular,Intersection,883
212,M2H,Hillcrest Village,43.8037622,-79.3634517,Kitchen Food Fair Convenience,This spot is popular,Convenience Store,936
213,M3H,"Bathurst Manor, Wilson Heights, Downsview North",43.7543283,-79.4422593,Wolfie's Deli,This spot is popular,Deli / Bodega,62
214,M3H,"Bathurst Manor, Wilson Heights, Downsview North",43.7543283,-79.4422593,Earl Bales Park,This spot is popular,Park,505
215,M3H,"Bathurst Manor, Wilson Heights, Downsview North",43.7543283,-79.4422593,Best for Bride in Toronto,This spot is popular,Bridal Shop,391
216,M3H,"Bathurst Manor, Wilson Heights, Downsview North",43.7543283,-79.4422593,Bagel Plus,This spot is popular,Restaurant,173
217,M3H,"Bathurst Manor, Wilson Heights, Downsview North",43.7543283,-79.4422593,Tim Hortons,This spot is popular,Coffee Shop,93
218,M3H,"Bathurst Manor, Wilson Heights, Downsview North",43.7543283,-79.4422593,Starbucks,This spot is popular,Coffee Shop,217
219,M3H,"Bathurst Manor, Wilson Heights, Downsview North",43.7543283,-79.4422593,Orly Restaurant & Grill,This spot is popular,Middle Eastern Restaurant,102
220,M3H,"Bathurst Manor, Wilson Heights, Downsview North",43.7543283,-79.4422593,Grill Gate,This spot is popular,Mediterranean Restaurant,770
221,M3H,"Bathurst Manor, Wilson Heights, Downsview North",43.7543283,-79.4422593,Dairy Queen,This spot is popular,Ice Cream Shop,225
222,M3H,"Bathurst Manor, Wilson Heights, Downsview North",43.7543283,-79.4422593,TD Canada Trust,This spot is popular,Bank,335
223,M3H,"Bathurst Manor, Wilson Heights, Downsview North",43.7543283,-79.4422593,Earl Bales Ski and Snowboard Centre,This spot is popular,Ski Chalet,856
224,M3H,"Bathurst Manor, Wilson Heights, Downsview North",43.7543283,-79.4422593,Wimpy's Diner,This spot is popular,Diner,317
225,M3H,"Bathurst Manor, Wilson Heights, Downsview North",43.7543283,-79.4422593,RBC Royal Bank,This spot is popular,Bank,361
226,M3H,"Bathurst Manor, Wilson Heights, Downsview North",43.7543283,-79.4422593,Subway,This spot is popular,Sandwich Place,211
227,M3H,"Bathurst Manor, Wilson Heights, Downsview North",43.7543283,-79.4422593,Wakame Sushi,This spot is popular,Sushi Restaurant,157
228,M3H,"Bathurst Manor, Wilson Heights, Downsview North",43.7543283,-79.4422593,Popeyes Louisiana Kitchen,This spot is popular,Fried Chicken Joint,54
229,M3H,"Bathurst Manor, Wilson Heights, Downsview North",43.7543283,-79.4422593,Pizza Pizza,This spot is popular,Pizza Place,142
230,M3H,"Bathurst Manor, Wilson Heights, Downsview North",43.7543283,-79.4422593,Petro-Canada,This spot is popular,Gas Station,288
231,M3H,"Bathurst Manor, Wilson Heights, Downsview North",43.7543283,-79.4422593,Shoppers Drug Mart,This spot is popular,Pharmacy,301
232,M3H,"Bathurst Manor, Wilson Heights, Downsview North",43.7543283,-79.4422593,Sheppard Plaza,This spot is popular,Shopping Mall,261
233,M3H,"Bathurst Manor, Wilson Heights, Downsview North",43.7543283,-79.4422593,Earl Bales Dog Park,This spot is popular,Dog Run,928
234,M3H,"Bathurst Manor, Wilson Heights, Downsview North",43.7543283,-79.4422593,Metro,This spot is popular,Supermarket,278
235,M3H,"Bathurst Manor, Wilson Heights, Downsview North",43.7543283,-79.4422593,Sheppard Plaza Variety,This spot is popular,Convenience Store,177
236,M3H,"Bathurst Manor, Wilson Heights, Downsview North",43.7543283,-79.4422593,Rogers,This spot is popular,Mobile Phone Shop,244
237,M3H,"Bathurst Manor, Wilson Heights, Downsview North",43.7543283,-79.4422593,Yogurty's,This spot is popular,Frozen Yogurt Shop,308
238,M3H,"Bathurst Manor, Wilson Heights, Downsview North",43.7543283,-79.4422593,Burnett Park,This spot is popular,Park,410
239,M3H,"Bathurst Manor, Wilson Heights, Downsview North",43.7543283,-79.4422593,Earl Bales Community Centre,This spot is popular,Community Center,591
240,M3H,"Bathurst Manor, Wilson Heights, Downsview North",43.7543283,-79.4422593,Domino's Pizza,This spot is popular,Pizza Place,709
241,M3H,"Bathurst Manor, Wilson Heights, Downsview North",43.7543283,-79.4422593,North York Ski Centre,This spot is popular,Ski Area,848
242,M3H,"Bathurst Manor, Wilson Heights, Downsview North",43.7543283,-79.4422593,West Don Parklands,This spot is popular,Trail,861
243,M3H,"Bathurst Manor, Wilson Heights, Downsview North",43.7543283,-79.4422593,York Downs Convenience Store,This spot is popular,Convenience Store,956
244,M2J,"Fairview, Henry Farm, Oriole",43.7785175,-79.3465557,The LEGO Store,This spot is popular,Toy / Game Store,249
245,M2J,"Fairview, Henry Farm, Oriole",43.7785175,-79.3465557,SilverCity,This spot is popular,Movie Theater,199
246,M2J,"Fairview, Henry Farm, Oriole",43.7785175,-79.3465557,Moxie's Classic Grill,This spot is popular,American Restaurant,283
247,M2J,"Fairview, Henry Farm, Oriole",43.7785175,-79.3465557,CF Fairview Mall,This spot is popular,Shopping Mall,239
248,M2J,"Fairview, Henry Farm, Oriole",43.7785175,-79.3465557,Purdys Chocolatier,This spot is popular,Chocolate Shop,197
249,M2J,"Fairview, Henry Farm, Oriole",43.7785175,-79.3465557,DAVIDsTEA,This spot is popular,Tea Room,156
250,M2J,"Fairview, Henry Farm, Oriole",43.7785175,-79.3465557,Hero Certified Burgers,This spot is popular,Burger Joint,208
251,M2J,"Fairview, Henry Farm, Oriole",43.7785175,-79.3465557,De Berardini's,This spot is popular,Salon / Barbershop,318
252,M2J,"Fairview, Henry Farm, Oriole",43.7785175,-79.3465557,Apple Fairview,This spot is popular,Electronics Store,233
253,M2J,"Fairview, Henry Farm, Oriole",43.7785175,-79.3465557,Shoppers Drug Mart,This spot is popular,Pharmacy,129
254,M2J,"Fairview, Henry Farm, Oriole",43.7785175,-79.3465557,Michel's Baguette,This spot is popular,Bakery,226
255,M2J,"Fairview, Henry Farm, Oriole",43.7785175,-79.3465557,New York Fries - Fairview Mall,This spot is popular,Restaurant,239
256,M2J,"Fairview, Henry Farm, Oriole",43.7785175,-79.3465557,Old Navy,This spot is popular,Clothing Store,206
257,M2J,"Fairview, Henry Farm, Oriole",43.7785175,-79.3465557,Ten Ren's Tea Time,This spot is popular,Juice Bar,222
258,M2J,"Fairview, Henry Farm, Oriole",43.7785175,-79.3465557,Booster Juice,This spot is popular,Juice Bar,175
259,M2J,"Fairview, Henry Farm, Oriole",43.7785175,-79.3465557,Aroma Espresso Bar,This spot is popular,Coffee Shop,178
260,M2J,"Fairview, Henry Farm, Oriole",43.7785175,-79.3465557,Hudson's Bay,This spot is popular,Department Store,292
261,M2J,"Fairview, Henry Farm, Oriole",43.7785175,-79.3465557,Fairview Library Theatre,This spot is popular,Theater,55
262,M2J,"Fairview, Henry Farm, Oriole",43.7785175,-79.3465557,H&M,This spot is popular,Clothing Store,132
263,M2J,"Fairview, Henry Farm, Oriole",43.7785175,-79.3465557,Mr Jerk,This spot is popular,Caribbean Restaurant,967
264,M2J,"Fairview, Henry Farm, Oriole",43.7785175,-79.3465557,Allan's Pastry Shop,This spot is popular,Bakery,919
265,M2J,"Fairview, Henry Farm, Oriole",43.7785175,-79.3465557,Starbucks,This spot is popular,Coffee Shop,206
266,M2J,"Fairview, Henry Farm, Oriole",43.7785175,-79.3465557,Fairview Mall Food Garden,This spot is popular,Food Court,268
267,M2J,"Fairview, Henry Farm, Oriole",43.7785175,-79.3465557,Foodland - Toronto,This spot is popular,Grocery Store,723
268,M2J,"Fairview, Henry Farm, Oriole",43.7785175,-79.3465557,EB Games,This spot is popular,Video Game Store,263
269,M2J,"Fairview, Henry Farm, Oriole",43.7785175,-79.3465557,LCBO,This spot is popular,Liquor Store,130
270,M2J,"Fairview, Henry Farm, Oriole",43.7785175,-79.3465557,TD Canada Trust,This spot is popular,Bank,96
271,M2J,"Fairview, Henry Farm, Oriole",43.7785175,-79.3465557,Tekka Sushi,This spot is popular,Japanese Restaurant,691
272,M2J,"Fairview, Henry Farm, Oriole",43.7785175,-79.3465557,Tommy Hilfiger,This spot is popular,Clothing Store,132
273,M2J,"Fairview, Henry Farm, Oriole",43.7785175,-79.3465557,Thai Express,This spot is popular,Restaurant,206
274,M2J,"Fairview, Henry Farm, Oriole",43.7785175,-79.3465557,Tim Hortons,This spot is popular,Coffee Shop,392
275,M2J,"Fairview, Henry Farm, Oriole",43.7785175,-79.3465557,RBC Royal Bank,This spot is popular,Bank,204
276,M2J,"Fairview, Henry Farm, Oriole",43.7785175,-79.3465557,Tim Hortons,This spot is popular,Coffee Shop,160
277,M2J,"Fairview, Henry Farm, Oriole",43.7785175,-79.3465557,Heart Sushi,This spot is popular,Japanese Restaurant,265
278,M2J,"Fairview, Henry Farm, Oriole",43.7785175,-79.3465557,Subway,This spot is popular,Sandwich Place,922
279,M2J,"Fairview, Henry Farm, Oriole",43.7785175,-79.3465557,Tim Hortons,This spot is popular,Coffee Shop,376
280,M2J,"Fairview, Henry Farm, Oriole",43.7785175,-79.3465557,Zara,This spot is popular,Clothing Store,162
281,M2J,"Fairview, Henry Farm, Oriole",43.7785175,-79.3465557,KFC,This spot is popular,Fast Food Restaurant,215
282,M2J,"Fairview, Henry Farm, Oriole",43.7785175,-79.3465557,Spring Rolls,This spot is popular,Asian Restaurant,244
283,M2J,"Fairview, Henry Farm, Oriole",43.7785175,-79.3465557,Subway,This spot is popular,Sandwich Place,709
284,M2J,"Fairview, Henry Farm, Oriole",43.7785175,-79.3465557,Hollister Co.,This spot is popular,Clothing Store,234
285,M2J,"Fairview, Henry Farm, Oriole",43.7785175,-79.3465557,The Beer Store,This spot is popular,Beer Store,977
286,M2J,"Fairview, Henry Farm, Oriole",43.7785175,-79.3465557,Pizza Pizza,This spot is popular,Pizza Place,973
287,M2J,"Fairview, Henry Farm, Oriole",43.7785175,-79.3465557,Popeyes Louisiana Kitchen,This spot is popular,Fried Chicken Joint,910
288,M3J,"Northwood Park, York University",43.7679803,-79.48726190000002,MUSE Massage Spa,This spot is popular,Massage Studio,304
289,M3J,"Northwood Park, York University",43.7679803,-79.48726190000002,Bamiyan Kabob,This spot is popular,Middle Eastern Restaurant,780
290,M3J,"Northwood Park, York University",43.7679803,-79.48726190000002,Carribean Heat,This spot is popular,Caribbean Restaurant,488
291,M3J,"Northwood Park, York University",43.7679803,-79.48726190000002,Tim Hortons,This spot is popular,Coffee Shop,428
292,M3J,"Northwood Park, York University",43.7679803,-79.48726190000002,Nino D'Aversa,This spot is popular,Pizza Place,907
293,M3J,"Northwood Park, York University",43.7679803,-79.48726190000002,Elite Restaurant,This spot is popular,Restaurant,955
294,M3J,"Northwood Park, York University",43.7679803,-79.48726190000002,Fox & Fiddle,This spot is popular,Bar,476
295,M3J,"Northwood Park, York University",43.7679803,-79.48726190000002,Starbucks,This spot is popular,Coffee Shop,918
296,M3J,"Northwood Park, York University",43.7679803,-79.48726190000002,Oishi Sushi,This spot is popular,Japanese Restaurant,547
297,M3J,"Northwood Park, York University",43.7679803,-79.48726190000002,TD Canada Trust,This spot is popular,Bank,622
298,M3J,"Northwood Park, York University",43.7679803,-79.48726190000002,Tim Hortons,This spot is popular,Coffee Shop,845
299,M3J,"Northwood Park, York University",43.7679803,-79.48726190000002,Bad Boy Furniture - North York,This spot is popular,Furniture / Home Store,411
300,M3J,"Northwood Park, York University",43.7679803,-79.48726190000002,Falafel Express,This spot is popular,Falafel Restaurant,447
301,M3J,"Northwood Park, York University",43.7679803,-79.48726190000002,McDonald's,This spot is popular,Fast Food Restaurant,664
302,M3J,"Northwood Park, York University",43.7679803,-79.48726190000002,Kitchen Stuff Plus (Distribution),This spot is popular,Furniture / Home Store,757
303,M3J,"Northwood Park, York University",43.7679803,-79.48726190000002,Domino's Pizza,This spot is popular,Pizza Place,760
304,M3J,"Northwood Park, York University",43.7679803,-79.48726190000002,Quiznos,This spot is popular,Sandwich Place,774
305,M3J,"Northwood Park, York University",43.7679803,-79.48726190000002,Tin Tin Congee - 天天粥麵,This spot is popular,Chinese Restaurant,786
306,M3J,"Northwood Park, York University",43.7679803,-79.48726190000002,Mr.Sub,This spot is popular,Restaurant,841
307,M3J,"Northwood Park, York University",43.7679803,-79.48726190000002,Hoops,This spot is popular,Sports Bar,760
308,M3J,"Northwood Park, York University",43.7679803,-79.48726190000002,Latitude Countertops,This spot is popular,Furniture / Home Store,973
309,M3J,"Northwood Park, York University",43.7679803,-79.48726190000002,A&W Canada,This spot is popular,American Restaurant,981
310,M2K,Bayview Village,43.7869473,-79.385975,Kori Sushi,This spot is popular,Japanese Restaurant,724
311,M2K,Bayview Village,43.7869473,-79.385975,Sun Star Chinese Cuisine 翠景小炒,This spot is popular,Chinese Restaurant,395
312,M2K,Bayview Village,43.7869473,-79.385975,Harvey's,This spot is popular,Restaurant,821
313,M2K,Bayview Village,43.7869473,-79.385975,TD Canada Trust,This spot is popular,Bank,467
314,M2K,Bayview Village,43.7869473,-79.385975,TD Canada Trust,This spot is popular,Bank,696
315,M2K,Bayview Village,43.7869473,-79.385975,Tufts' valu-mart,This spot is popular,Grocery Store,652
316,M2K,Bayview Village,43.7869473,-79.385975,Maxim's Cafe and Patisserie,This spot is popular,Café,432
317,M2K,Bayview Village,43.7869473,-79.385975,Petro-Canada,This spot is popular,Gas Station,857
318,M2K,Bayview Village,43.7869473,-79.385975,Petro-Canada,This spot is popular,Gas Station,872
319,M2K,Bayview Village,43.7869473,-79.385975,Kaga Sushi,This spot is popular,Japanese Restaurant,402
320,M2K,Bayview Village,43.7869473,-79.385975,Bayview Arena,This spot is popular,Skating Rink,655
321,M2K,Bayview Village,43.7869473,-79.385975,The Bayview Mall,This spot is popular,Shopping Mall,747
322,M2K,Bayview Village,43.7869473,-79.385975,Don Valley Parklands,This spot is popular,Park,764
323,M2K,Bayview Village,43.7869473,-79.385975,Loblaws,This spot is popular,Grocery Store,839
324,M2K,Bayview Village,43.7869473,-79.385975,Forest Grove,This spot is popular,Trail,1001
325,M3K,Downsview,43.7374732,-79.46476329999999,Toronto Downsview Airport (YZD),This spot is popular,Airport,457
326,M3K,Downsview,43.7374732,-79.46476329999999,LCBO,This spot is popular,Liquor Store,966
327,M3K,Downsview,43.7374732,-79.46476329999999,Chef 47,This spot is popular,Turkish Restaurant,789
328,M3K,Downsview,43.7374732,-79.46476329999999,Pupusa Loka,This spot is popular,Latin American Restaurant,796
329,M3K,Downsview,43.7374732,-79.46476329999999,Mustafa,This spot is popular,Turkish Restaurant,823
330,M3K,Downsview,43.7374732,-79.46476329999999,Forget Me Not Cafe Vietnamese Resto-Bar,This spot is popular,Vietnamese Restaurant,790
331,M3K,Downsview,43.7374732,-79.46476329999999,Second Cup,This spot is popular,Café,938
332,M3K,Downsview,43.7374732,-79.46476329999999,Mastro's Ristorante,This spot is popular,Italian Restaurant,835
333,M3K,Downsview,43.7374732,-79.46476329999999,Tim Hortons,This spot is popular,Coffee Shop,735
334,M3K,Downsview,43.7374732,-79.46476329999999,Subway,This spot is popular,Sandwich Place,651
335,M3K,Downsview,43.7374732,-79.46476329999999,Tim Hortons,This spot is popular,Coffee Shop,621
336,M3K,Downsview,43.7374732,-79.46476329999999,Petro-Canada,This spot is popular,Gas Station,757
337,M3K,Downsview,43.7374732,-79.46476329999999,Best Buy,This spot is popular,Electronics Store,900
338,M3K,Downsview,43.7374732,-79.46476329999999,Ancaster Park,This spot is popular,Park,308
339,M3K,Downsview,43.7374732,-79.46476329999999,Main Cafeteria (Bombardier),This spot is popular,Food Court,515
340,M3K,Downsview,43.7374732,-79.46476329999999,Lucky Wok Resturant,This spot is popular,Chinese Restaurant,652
341,M3K,Downsview,43.7374732,-79.46476329999999,Kervan Turkish Grill,This spot is popular,Middle Eastern Restaurant,766
342,M3K,Downsview,43.7374732,-79.46476329999999,Coffee time,This spot is popular,Coffee Shop,767
343,M3K,Downsview,43.7374732,-79.46476329999999,TFC Kia Training Ground,This spot is popular,Soccer Field,868
344,M3K,Downsview,43.7374732,-79.46476329999999,Geek Squad,This spot is popular,Other Repair Shop,902
345,M3K,Downsview,43.7374732,-79.46476329999999,Sporttesting,This spot is popular,Gym,958
346,M3K,Downsview,43.7374732,-79.46476329999999,Downsview Park Ultimate Frisbee,This spot is popular,Athletics & Sports,989
347,M2L,"York Mills, Silver Hills",43.7574902,-79.37471409999998,Swimming Pool,This spot is popular,Pool,723
348,M2L,"York Mills, Silver Hills",43.7574902,-79.37471409999998,Talara Park,This spot is popular,Park,910
349,M2L,"York Mills, Silver Hills",43.7574902,-79.37471409999998,St. Andrews Park,This spot is popular,Park,957
350,M2L,"York Mills, Silver Hills",43.7574902,-79.37471409999998,Ames Park,This spot is popular,Park,971
351,M3L,Downsview,43.7390146,-79.5069436,TD Canada Trust,This spot is popular,Bank,470
352,M3L,Downsview,43.7390146,-79.5069436,Pizza Pizza,This spot is popular,Pizza Place,575
353,M3L,Downsview,43.7390146,-79.5069436,jane sheppard mall,This spot is popular,Shopping Mall,467
354,M3L,Downsview,43.7390146,-79.5069436,Country Style,This spot is popular,Coffee Shop,522
355,M3L,Downsview,43.7390146,-79.5069436,Cửu Long Miền Tây,This spot is popular,Vietnamese Restaurant,542
356,M3L,Downsview,43.7390146,-79.5069436,Downsview Dells,This spot is popular,Park,549
357,M3L,Downsview,43.7390146,-79.5069436,84 Sheppard Bus At Jane,This spot is popular,Moving Target,562
358,M3L,Downsview,43.7390146,-79.5069436,Stanley Park,This spot is popular,Park,774
359,M6L,"North Park, Maple Leaf Park, Upwood Park",43.71375620000001,-79.4900738,Rustic Bakery,This spot is popular,Bakery,185
360,M6L,"North Park, Maple Leaf Park, Upwood Park",43.71375620000001,-79.4900738,Petro-Canada,This spot is popular,Gas Station,893
361,M6L,"North Park, Maple Leaf Park, Upwood Park",43.71375620000001,-79.4900738,Tim Hortons,This spot is popular,Coffee Shop,982
362,M6L,"North Park, Maple Leaf Park, Upwood Park",43.71375620000001,-79.4900738,Pizza Hut,This spot is popular,Pizza Place,993
363,M6L,"North Park, Maple Leaf Park, Upwood Park",43.71375620000001,-79.4900738,Dynasty House,This spot is popular,Dim Sum Restaurant,986
364,M6L,"North Park, Maple Leaf Park, Upwood Park",43.71375620000001,-79.4900738,North Park,This spot is popular,Park,825
365,M6L,"North Park, Maple Leaf Park, Upwood Park",43.71375620000001,-79.4900738,Cataldi supermarket,This spot is popular,Convenience Store,830
366,M6L,"North Park, Maple Leaf Park, Upwood Park",43.71375620000001,-79.4900738,Coffee Time,This spot is popular,Coffee Shop,886
367,M6L,"North Park, Maple Leaf Park, Upwood Park",43.71375620000001,-79.4900738,Amesbury Sports Complex Arena & Outdoor Pool,This spot is popular,Athletics & Sports,907
368,M6L,"North Park, Maple Leaf Park, Upwood Park",43.71375620000001,-79.4900738,Lucky Dragon Chinese Food,This spot is popular,Chinese Restaurant,982
369,M6L,"North Park, Maple Leaf Park, Upwood Park",43.71375620000001,-79.4900738,Red & White Mediterranean Cuisine,This spot is popular,Mediterranean Restaurant,985
370,M9L,Humber Summit,43.7563033,-79.56596329999998,Shoppers Drug Mart,This spot is popular,Pharmacy,985
371,M9L,Humber Summit,43.7563033,-79.56596329999998,TD Canada Trust Branch and ATM,This spot is popular,Bank,911
372,M9L,Humber Summit,43.7563033,-79.56596329999998,Access Fine Art,This spot is popular,Arts & Crafts Store,525
373,M9L,Humber Summit,43.7563033,-79.56596329999998,Capri Pastries,This spot is popular,Bakery,635
374,M9L,Humber Summit,43.7563033,-79.56596329999998,Islington Park,This spot is popular,Park,813
375,M9L,Humber Summit,43.7563033,-79.56596329999998,The Source,This spot is popular,Electronics Store,884
376,M9L,Humber Summit,43.7563033,-79.56596329999998,TechDirect,This spot is popular,Electronics Store,900
377,M9L,Humber Summit,43.7563033,-79.56596329999998,Albertos Trattoria,This spot is popular,Italian Restaurant,941
378,M9L,Humber Summit,43.7563033,-79.56596329999998,Finchdale Plaza,This spot is popular,Shopping Mall,952
379,M2M,"Willowdale, Newtonbrook",43.789053,-79.40849279999998,Daldongnae,This spot is popular,Korean Restaurant,776
380,M2M,"Willowdale, Newtonbrook",43.789053,-79.40849279999998,Tea va See,This spot is popular,Hookah Bar,781
381,M2M,"Willowdale, Newtonbrook",43.789053,-79.40849279999998,The Fry,This spot is popular,Korean Restaurant,771
382,M2M,"Willowdale, Newtonbrook",43.789053,-79.40849279999998,Soul Cafe,This spot is popular,Café,813
383,M2M,"Willowdale, Newtonbrook",43.789053,-79.40849279999998,Yogoberri,This spot is popular,Dessert Shop,803
384,M2M,"Willowdale, Newtonbrook",43.789053,-79.40849279999998,B.B. Cafe,This spot is popular,Café,803
385,M2M,"Willowdale, Newtonbrook",43.789053,-79.40849279999998,Cho Won Family Restaurant,This spot is popular,Korean Restaurant,796
386,M2M,"Willowdale, Newtonbrook",43.789053,-79.40849279999998,Jungsoo Nae 정수네,This spot is popular,Korean Restaurant,884
387,M2M,"Willowdale, Newtonbrook",43.789053,-79.40849279999998,Tim Hortons,This spot is popular,Coffee Shop,692
388,M2M,"Willowdale, Newtonbrook",43.789053,-79.40849279999998,Altona Kebob,This spot is popular,Middle Eastern Restaurant,800
389,M2M,"Willowdale, Newtonbrook",43.789053,-79.40849279999998,Super Khorak,This spot is popular,Grocery Store,865
390,M2M,"Willowdale, Newtonbrook",43.789053,-79.40849279999998,Katsuya,This spot is popular,Japanese Restaurant,781
391,M2M,"Willowdale, Newtonbrook",43.789053,-79.40849279999998,Iranian Plaza,This spot is popular,Shopping Mall,819
392,M2M,"Willowdale, Newtonbrook",43.789053,-79.40849279999998,TD Canada Trust,This spot is popular,Bank,750
393,M2M,"Willowdale, Newtonbrook",43.789053,-79.40849279999998,Subway,This spot is popular,Sandwich Place,729
394,M2M,"Willowdale, Newtonbrook",43.789053,-79.40849279999998,Red Rose Pâtisserie,This spot is popular,Café,981
395,M2M,"Willowdale, Newtonbrook",43.789053,-79.40849279999998,Popeyes Louisiana Kitchen,This spot is popular,Fried Chicken Joint,882
396,M2M,"Willowdale, Newtonbrook",43.789053,-79.40849279999998,Finch Station Hot Dog Stand,This spot is popular,Hot Dog Joint,946
397,M2M,"Willowdale, Newtonbrook",43.789053,-79.40849279999998,Pizza Pizza,This spot is popular,Pizza Place,864
398,M2M,"Willowdale, Newtonbrook",43.789053,-79.40849279999998,Earth Indian Restaurant,This spot is popular,Indian Restaurant,740
399,M2M,"Willowdale, Newtonbrook",43.789053,-79.40849279999998,Coffee Time,This spot is popular,Coffee Shop,754
400,M2M,"Willowdale, Newtonbrook",43.789053,-79.40849279999998,Pizza Hut,This spot is popular,Pizza Place,733
401,M2M,"Willowdale, Newtonbrook",43.789053,-79.40849279999998,Kenzo Ramen,This spot is popular,Ramen Restaurant,982
402,M2M,"Willowdale, Newtonbrook",43.789053,-79.40849279999998,Super Arzon,This spot is popular,Supermarket,805
403,M2M,"Willowdale, Newtonbrook",43.789053,-79.40849279999998,Altona Kebab,This spot is popular,Middle Eastern Restaurant,814
404,M2M,"Willowdale, Newtonbrook",43.789053,-79.40849279999998,Willowdale Greenway Path,This spot is popular,Trail,652
405,M2M,"Willowdale, Newtonbrook",43.789053,-79.40849279999998,Maxome Park,This spot is popular,Park,656
406,M2M,"Willowdale, Newtonbrook",43.789053,-79.40849279999998,Silverview Park,This spot is popular,Park,673
407,M2M,"Willowdale, Newtonbrook",43.789053,-79.40849279999998,Friendly House,This spot is popular,Diner,766
408,M2M,"Willowdale, Newtonbrook",43.789053,-79.40849279999998,Blue Mountain resort,This spot is popular,Ski Chalet,760
409,M3M,Downsview,43.7284964,-79.49569740000003,Hung Long,This spot is popular,Vietnamese Restaurant,992
410,M3M,Downsview,43.7284964,-79.49569740000003,Roding Park,This spot is popular,Baseball Field,224
411,M3M,Downsview,43.7284964,-79.49569740000003,Yummy Dogs,This spot is popular,Food Truck,500
412,M3M,Downsview,43.7284964,-79.49569740000003,Pho Mi Nha Trang,This spot is popular,Vietnamese Restaurant,671
413,M5M,"Bedford Park, Lawrence Manor East",43.7332825,-79.4197497,Aroma Espresso Bar,This spot is popular,Café,304
414,M5M,"Bedford Park, Lawrence Manor East",43.7332825,-79.4197497,The Bagel House,This spot is popular,Bagel Shop,566
415,M5M,"Bedford Park, Lawrence Manor East",43.7332825,-79.4197497,Tutto Pronto,This spot is popular,Italian Restaurant,577
416,M5M,"Bedford Park, Lawrence Manor East",43.7332825,-79.4197497,Drums N Flats,This spot is popular,Comfort Food Restaurant,196
417,M5M,"Bedford Park, Lawrence Manor East",43.7332825,-79.4197497,Darbar Persian Grill,This spot is popular,Restaurant,245
418,M5M,"Bedford Park, Lawrence Manor East",43.7332825,-79.4197497,Pheasant & Firkin,This spot is popular,Pub,210
419,M5M,"Bedford Park, Lawrence Manor East",43.7332825,-79.4197497,The Copper Chimney,This spot is popular,Indian Restaurant,326
420,M5M,"Bedford Park, Lawrence Manor East",43.7332825,-79.4197497,Satay on the Road,This spot is popular,Thai Restaurant,225
421,M5M,"Bedford Park, Lawrence Manor East",43.7332825,-79.4197497,Sakura Garden,This spot is popular,Sushi Restaurant,24
422,M5M,"Bedford Park, Lawrence Manor East",43.7332825,-79.4197497,Francobollo,This spot is popular,Italian Restaurant,142
423,M5M,"Bedford Park, Lawrence Manor East",43.7332825,-79.4197497,Toronto Cricket Skating and Curling Club,This spot is popular,Sports Club,714
424,M5M,"Bedford Park, Lawrence Manor East",43.7332825,-79.4197497,Starbucks,This spot is popular,Coffee Shop,522
425,M5M,"Bedford Park, Lawrence Manor East",43.7332825,-79.4197497,Tim Hortons,This spot is popular,Coffee Shop,231
426,M5M,"Bedford Park, Lawrence Manor East",43.7332825,-79.4197497,Freshii,This spot is popular,Juice Bar,196
427,M5M,"Bedford Park, Lawrence Manor East",43.7332825,-79.4197497,Bistro on Avenue,This spot is popular,Wings Joint,712
428,M5M,"Bedford Park, Lawrence Manor East",43.7332825,-79.4197497,Karbouzi Greek Taverna,This spot is popular,Greek Restaurant,328
429,M5M,"Bedford Park, Lawrence Manor East",43.7332825,-79.4197497,Ritché Bridal,This spot is popular,Bridal Shop,762
430,M5M,"Bedford Park, Lawrence Manor East",43.7332825,-79.4197497,Starbucks,This spot is popular,Coffee Shop,90
431,M5M,"Bedford Park, Lawrence Manor East",43.7332825,-79.4197497,Safari Bar and Grill,This spot is popular,American Restaurant,489
432,M5M,"Bedford Park, Lawrence Manor East",43.7332825,-79.4197497,Li'l Niblets & Baby Sprouts,This spot is popular,Baby Store,778
433,M5M,"Bedford Park, Lawrence Manor East",43.7332825,-79.4197497,La Bamboche,This spot is popular,Bakery,594
434,M5M,"Bedford Park, Lawrence Manor East",43.7332825,-79.4197497,TD Canada Trust,This spot is popular,Bank,692
435,M5M,"Bedford Park, Lawrence Manor East",43.7332825,-79.4197497,A&W,This spot is popular,Fast Food Restaurant,851
436,M5M,"Bedford Park, Lawrence Manor East",43.7332825,-79.4197497,Dino's No Frills,This spot is popular,Grocery Store,303
437,M5M,"Bedford Park, Lawrence Manor East",43.7332825,-79.4197497,Subway,This spot is popular,Sandwich Place,200
438,M5M,"Bedford Park, Lawrence Manor East",43.7332825,-79.4197497,Bruno's Fine Food,This spot is popular,Butcher,374
439,M5M,"Bedford Park, Lawrence Manor East",43.7332825,-79.4197497,Shoppers Drug Mart,This spot is popular,Pharmacy,333
440,M5M,"Bedford Park, Lawrence Manor East",43.7332825,-79.4197497,Subway,This spot is popular,Sandwich Place,188
441,M5M,"Bedford Park, Lawrence Manor East",43.7332825,-79.4197497,Il Fornaro,This spot is popular,Italian Restaurant,88
442,M5M,"Bedford Park, Lawrence Manor East",43.7332825,-79.4197497,LCBO,This spot is popular,Liquor Store,250
443,M5M,"Bedford Park, Lawrence Manor East",43.7332825,-79.4197497,RBC Royal Bank,This spot is popular,Bank,827
444,M5M,"Bedford Park, Lawrence Manor East",43.7332825,-79.4197497,Pizza Pizza,This spot is popular,Pizza Place,408
445,M5M,"Bedford Park, Lawrence Manor East",43.7332825,-79.4197497,Harvey's,This spot is popular,Restaurant,349
446,M5M,"Bedford Park, Lawrence Manor East",43.7332825,-79.4197497,McDonald's,This spot is popular,Fast Food Restaurant,82
447,M5M,"Bedford Park, Lawrence Manor East",43.7332825,-79.4197497,Eggsmart,This spot is popular,Breakfast Spot,178
448,M5M,"Bedford Park, Lawrence Manor East",43.7332825,-79.4197497,Jolie Beauty Bar,This spot is popular,Cosmetics Shop,60
449,M5M,"Bedford Park, Lawrence Manor East",43.7332825,-79.4197497,Marty's Chez TABAC | Fine Cigars and Tobacconist,This spot is popular,Hobby Shop,213
450,M5M,"Bedford Park, Lawrence Manor East",43.7332825,-79.4197497,Issmi Sushi,This spot is popular,Sushi Restaurant,221
451,M5M,"Bedford Park, Lawrence Manor East",43.7332825,-79.4197497,Videoflicks,This spot is popular,Video Store,643
452,M5M,"Bedford Park, Lawrence Manor East",43.7332825,-79.4197497,Ledbury Dog Park,This spot is popular,Park,735
453,M5M,"Bedford Park, Lawrence Manor East",43.7332825,-79.4197497,Avenue Rd at Wilson Ave,This spot is popular,Intersection,742
454,M5M,"Bedford Park, Lawrence Manor East",43.7332825,-79.4197497,Pet Valu,This spot is popular,Pet Store,763
455,M5M,"Bedford Park, Lawrence Manor East",43.7332825,-79.4197497,Ledbury Park Skating Rink,This spot is popular,Skating Rink,796
456,M9M,"Humberlea, Emery",43.7247659,-79.53224240000002,Oakdale Golf and Country Club,This spot is popular,Golf Course,874
457,M9M,"Humberlea, Emery",43.7247659,-79.53224240000002,Petro-Canada,This spot is popular,Gas Station,669
458,M9M,"Humberlea, Emery",43.7247659,-79.53224240000002,Becker's Milk,This spot is popular,Convenience Store,592
459,M9M,"Humberlea, Emery",43.7247659,-79.53224240000002,auctionmaxx,This spot is popular,Discount Store,625
460,M9M,"Humberlea, Emery",43.7247659,-79.53224240000002,Fiera Foods,This spot is popular,Bakery,823
461,M9M,"Humberlea, Emery",43.7247659,-79.53224240000002,Hwy 401 & Hwy 400,This spot is popular,Intersection,875
462,M9M,"Humberlea, Emery",43.7247659,-79.53224240000002,Joseph Bannon Park,This spot is popular,Park,889
463,M9M,"Humberlea, Emery",43.7247659,-79.53224240000002,U-Haul at Weston Rd,This spot is popular,Storage Facility,917
464,M2N,"Willowdale, Willowdale East",43.7701199,-79.40849279999998,The Keg,This spot is popular,Steakhouse,490
465,M2N,"Willowdale, Willowdale East",43.7701199,-79.40849279999998,Loblaws,This spot is popular,Grocery Store,329
466,M2N,"Willowdale, Willowdale East",43.7701199,-79.40849279999998,Maryam Hotel,This spot is popular,Hotel,683
467,M2N,"Willowdale, Willowdale East",43.7701199,-79.40849279999998,The Captain's Boil,This spot is popular,Seafood Restaurant,551
468,M2N,"Willowdale, Willowdale East",43.7701199,-79.40849279999998,Konjiki Ramen,This spot is popular,Ramen Restaurant,458
469,M2N,"Willowdale, Willowdale East",43.7701199,-79.40849279999998,Starbucks,This spot is popular,Coffee Shop,415
470,M2N,"Willowdale, Willowdale East",43.7701199,-79.40849279999998,Satay Sate,This spot is popular,Indonesian Restaurant,479
471,M2N,"Willowdale, Willowdale East",43.7701199,-79.40849279999998,Saryo,This spot is popular,Café,459
472,M2N,"Willowdale, Willowdale East",43.7701199,-79.40849279999998,Aroma Espresso Bar,This spot is popular,Café,376
473,M2N,"Willowdale, Willowdale East",43.7701199,-79.40849279999998,Wako Sushi + Bar,This spot is popular,Japanese Restaurant,381
474,M2N,"Willowdale, Willowdale East",43.7701199,-79.40849279999998,Sushi Moto Sake & Wine Bar,This spot is popular,Sushi Restaurant,734
475,M2N,"Willowdale, Willowdale East",43.7701199,-79.40849279999998,Sushi Bong,This spot is popular,Sushi Restaurant,721
476,M2N,"Willowdale, Willowdale East",43.7701199,-79.40849279999998,The Alley,This spot is popular,Bubble Tea Shop,840
477,M2N,"Willowdale, Willowdale East",43.7701199,-79.40849279999998,Dakgogi,This spot is popular,Korean Restaurant,539
478,M2N,"Willowdale, Willowdale East",43.7701199,-79.40849279999998,Pastel Creperie & Dessert House,This spot is popular,Creperie,840
479,M2N,"Willowdale, Willowdale East",43.7701199,-79.40849279999998,Dairy Queen,This spot is popular,Ice Cream Shop,446
480,M2N,"Willowdale, Willowdale East",43.7701199,-79.40849279999998,Cineplex Cinemas,This spot is popular,Movie Theater,370
481,M2N,"Willowdale, Willowdale East",43.7701199,-79.40849279999998,Toronto Centre for the Arts,This spot is popular,Theater,626
482,M2N,"Willowdale, Willowdale East",43.7701199,-79.40849279999998,Metro,This spot is popular,Supermarket,600
483,M2N,"Willowdale, Willowdale East",43.7701199,-79.40849279999998,MYMY Chicken,This spot is popular,Fried Chicken Joint,643
484,M2N,"Willowdale, Willowdale East",43.7701199,-79.40849279999998,Michaels,This spot is popular,Arts & Crafts Store,425
485,M2N,"Willowdale, Willowdale East",43.7701199,-79.40849279999998,Aura,This spot is popular,Lounge,493
486,M2N,"Willowdale, Willowdale East",43.7701199,-79.40849279999998,Empress Walk,This spot is popular,Shopping Mall,379
487,M2N,"Willowdale, Willowdale East",43.7701199,-79.40849279999998,Booster Juice,This spot is popular,Juice Bar,386
488,M2N,"Willowdale, Willowdale East",43.7701199,-79.40849279999998,Longo’s Sheppard Centre,This spot is popular,Grocery Store,898
489,M2N,"Willowdale, Willowdale East",43.7701199,-79.40849279999998,Mel Lastman Square,This spot is popular,Plaza,449
490,M2N,"Willowdale, Willowdale East",43.7701199,-79.40849279999998,Bake Code 烘焙密碼,This spot is popular,Bakery,730
491,M2N,"Willowdale, Willowdale East",43.7701199,-79.40849279999998,Pizzaiolo,This spot is popular,Pizza Place,700
492,M2N,"Willowdale, Willowdale East",43.7701199,-79.40849279999998,Owl of Minerva,This spot is popular,Korean Restaurant,563
493,M2N,"Willowdale, Willowdale East",43.7701199,-79.40849279999998,Sansotei Ramen 三草亭,This spot is popular,Ramen Restaurant,853
494,M2N,"Willowdale, Willowdale East",43.7701199,-79.40849279999998,Ajisen Ramen 味千ラーメン,This spot is popular,Ramen Restaurant,401
495,M2N,"Willowdale, Willowdale East",43.7701199,-79.40849279999998,Starbucks,This spot is popular,Coffee Shop,480
496,M2N,"Willowdale, Willowdale East",43.7701199,-79.40849279999998,Pizza Shab,This spot is popular,Pizza Place,857
497,M2N,"Willowdale, Willowdale East",43.7701199,-79.40849279999998,Buk Chang Dong Soon Tofu 북창동 순두부 돌솥밥,This spot is popular,Korean Restaurant,941
498,M2N,"Willowdale, Willowdale East",43.7701199,-79.40849279999998,Hakata Shoryuken Ramen,This spot is popular,Ramen Restaurant,574
499,M2N,"Willowdale, Willowdale East",43.7701199,-79.40849279999998,Sang-Ji Fried Bao,This spot is popular,Dumpling Restaurant,861
500,M2N,"Willowdale, Willowdale East",43.7701199,-79.40849279999998,Baton Rouge,This spot is popular,American Restaurant,506
501,M2N,"Willowdale, Willowdale East",43.7701199,-79.40849279999998,Haida Sandwich,This spot is popular,Fast Food Restaurant,719
502,M2N,"Willowdale, Willowdale East",43.7701199,-79.40849279999998,The Fry,This spot is popular,Fried Chicken Joint,828
503,M2N,"Willowdale, Willowdale East",43.7701199,-79.40849279999998,Sushi One,This spot is popular,Japanese Restaurant,691
504,M2N,"Willowdale, Willowdale East",43.7701199,-79.40849279999998,Aburi Room,This spot is popular,Sushi Restaurant,457
505,M2N,"Willowdale, Willowdale East",43.7701199,-79.40849279999998,Easy Drink Easy Go,This spot is popular,Bubble Tea Shop,835
506,M2N,"Willowdale, Willowdale East",43.7701199,-79.40849279999998,Roll.com,This spot is popular,Korean Restaurant,738
507,M2N,"Willowdale, Willowdale East",43.7701199,-79.40849279999998,Wendy’s,This spot is popular,Fast Food Restaurant,362
508,M2N,"Willowdale, Willowdale East",43.7701199,-79.40849279999998,Douglas Snow Aquatic Centre,This spot is popular,Pool,607
509,M2N,"Willowdale, Willowdale East",43.7701199,-79.40849279999998,Union Social Eatery,This spot is popular,Restaurant,740
510,M2N,"Willowdale, Willowdale East",43.7701199,-79.40849279999998,Five Guys,This spot is popular,Burger Joint,878
511,M2N,"Willowdale, Willowdale East",43.7701199,-79.40849279999998,Tim Hortons,This spot is popular,Coffee Shop,594
512,M2N,"Willowdale, Willowdale East",43.7701199,-79.40849279999998,Subway,This spot is popular,Sandwich Place,476
513,M2N,"Willowdale, Willowdale East",43.7701199,-79.40849279999998,PetSmart,This spot is popular,Pet Store,341
514,M2N,"Willowdale, Willowdale East",43.7701199,-79.40849279999998,Dollarama,This spot is popular,Discount Store,329
515,M2N,"Willowdale, Willowdale East",43.7701199,-79.40849279999998,Artisan Noodle 老碗,This spot is popular,Chinese Restaurant,843
516,M2N,"Willowdale, Willowdale East",43.7701199,-79.40849279999998,ZenQ,This spot is popular,Bubble Tea Shop,881
517,M2N,"Willowdale, Willowdale East",43.7701199,-79.40849279999998,Cottage Restaurant,This spot is popular,Pizza Place,716
518,M2N,"Willowdale, Willowdale East",43.7701199,-79.40849279999998,Shawarma Max,This spot is popular,Middle Eastern Restaurant,494
519,M2N,"Willowdale, Willowdale East",43.7701199,-79.40849279999998,Nolbu,This spot is popular,Korean Restaurant,836
520,M2N,"Willowdale, Willowdale East",43.7701199,-79.40849279999998,Best Buy,This spot is popular,Electronics Store,399
521,M2N,"Willowdale, Willowdale East",43.7701199,-79.40849279999998,St. Louis Bar & Grill,This spot is popular,Sports Bar,534
522,M2N,"Willowdale, Willowdale East",43.7701199,-79.40849279999998,Shoppers Drug Mart,This spot is popular,Pharmacy,861
523,M2N,"Willowdale, Willowdale East",43.7701199,-79.40849279999998,Kinton Ramen,This spot is popular,Ramen Restaurant,369
524,M2N,"Willowdale, Willowdale East",43.7701199,-79.40849279999998,Symposium Cafe Restaurant & Lounge,This spot is popular,Restaurant,408
525,M2N,"Willowdale, Willowdale East",43.7701199,-79.40849279999998,Sharetea,This spot is popular,Bubble Tea Shop,711
526,M2N,"Willowdale, Willowdale East",43.7701199,-79.40849279999998,Moksha Yoga North York,This spot is popular,Yoga Studio,802
527,M2N,"Willowdale, Willowdale East",43.7701199,-79.40849279999998,한바탕 (Han Ba Tang) (Han Ba Tang),This spot is popular,Bar,836
528,M2N,"Willowdale, Willowdale East",43.7701199,-79.40849279999998,GoodLife Fitness North York Madison Centre,This spot is popular,Gym,678
529,M2N,"Willowdale, Willowdale East",43.7701199,-79.40849279999998,LA Fitness,This spot is popular,Gym,876
530,M2N,"Willowdale, Willowdale East",43.7701199,-79.40849279999998,The Beer Store,This spot is popular,Beer Store,960
531,M2N,"Willowdale, Willowdale East",43.7701199,-79.40849279999998,Lee Town Restaurant,This spot is popular,Chinese Restaurant,705
532,M2N,"Willowdale, Willowdale East",43.7701199,-79.40849279999998,Kenzo Japanese Ramen House,This spot is popular,Ramen Restaurant,842
533,M2N,"Willowdale, Willowdale East",43.7701199,-79.40849279999998,Studio Lounge Karaoke,This spot is popular,Karaoke Bar,731
534,M2N,"Willowdale, Willowdale East",43.7701199,-79.40849279999998,Bar Koyoi,This spot is popular,Japanese Restaurant,711
535,M2N,"Willowdale, Willowdale East",43.7701199,-79.40849279999998,RBC Royal Bank,This spot is popular,Bank,527
536,M2N,"Willowdale, Willowdale East",43.7701199,-79.40849279999998,Sweet O'Clock 芋尚道,This spot is popular,Dessert Shop,973
537,M2N,"Willowdale, Willowdale East",43.7701199,-79.40849279999998,L'opera Patisserie et Cafe,This spot is popular,Dessert Shop,513
538,M2N,"Willowdale, Willowdale East",43.7701199,-79.40849279999998,Tim Hortons,This spot is popular,Coffee Shop,590
539,M2N,"Willowdale, Willowdale East",43.7701199,-79.40849279999998,Subway,This spot is popular,Sandwich Place,423
540,M2N,"Willowdale, Willowdale East",43.7701199,-79.40849279999998,Nomé Izakaya,This spot is popular,Japanese Restaurant,874
541,M2N,"Willowdale, Willowdale East",43.7701199,-79.40849279999998,Subway,This spot is popular,Sandwich Place,694
542,M2N,"Willowdale, Willowdale East",43.7701199,-79.40849279999998,Freshslice Pizza,This spot is popular,Pizza Place,424
543,M2N,"Willowdale, Willowdale East",43.7701199,-79.40849279999998,Pho 88 Vietnamese Cuisine,This spot is popular,Vietnamese Restaurant,369
544,M2N,"Willowdale, Willowdale East",43.7701199,-79.40849279999998,Paisano's,This spot is popular,Italian Restaurant,930
545,M2N,"Willowdale, Willowdale East",43.7701199,-79.40849279999998,Boston Pizza,This spot is popular,Pizza Place,370
546,M2N,"Willowdale, Willowdale East",43.7701199,-79.40849279999998,Tim Hortons,This spot is popular,Coffee Shop,594
547,M2N,"Willowdale, Willowdale East",43.7701199,-79.40849279999998,A&W,This spot is popular,Fast Food Restaurant,863
548,M2N,"Willowdale, Willowdale East",43.7701199,-79.40849279999998,Mezza Notte Trattoria,This spot is popular,Italian Restaurant,512
549,M2N,"Willowdale, Willowdale East",43.7701199,-79.40849279999998,Gong Cha 貢茶,This spot is popular,Bubble Tea Shop,943
550,M2N,"Willowdale, Willowdale East",43.7701199,-79.40849279999998,Winners,This spot is popular,Department Store,805
551,M2N,"Willowdale, Willowdale East",43.7701199,-79.40849279999998,Frog & Firkin,This spot is popular,Pub,854
552,M2N,"Willowdale, Willowdale East",43.7701199,-79.40849279999998,Novotel Toronto North York,This spot is popular,Hotel,488
553,M2N,"Willowdale, Willowdale East",43.7701199,-79.40849279999998,TD Canada Trust,This spot is popular,Bank,720
554,M2N,"Willowdale, Willowdale East",43.7701199,-79.40849279999998,Inakaya,This spot is popular,Japanese Restaurant,872
555,M2N,"Willowdale, Willowdale East",43.7701199,-79.40849279999998,Second Cup,This spot is popular,Coffee Shop,822
556,M2N,"Willowdale, Willowdale East",43.7701199,-79.40849279999998,Ten Ren's Tea Time 喫茶新饌,This spot is popular,Bubble Tea Shop,335
557,M2N,"Willowdale, Willowdale East",43.7701199,-79.40849279999998,Ava Food Market,This spot is popular,Middle Eastern Restaurant,994
558,M2N,"Willowdale, Willowdale East",43.7701199,-79.40849279999998,Thai Express,This spot is popular,Restaurant,870
559,M2N,"Willowdale, Willowdale East",43.7701199,-79.40849279999998,Subway,This spot is popular,Sandwich Place,889
560,M2N,"Willowdale, Willowdale East",43.7701199,-79.40849279999998,RBC Royal Bank,This spot is popular,Bank,978
561,M2N,"Willowdale, Willowdale East",43.7701199,-79.40849279999998,Ichiban Fish House,This spot is popular,Japanese Restaurant,495
562,M2N,"Willowdale, Willowdale East",43.7701199,-79.40849279999998,Tim Hortons,This spot is popular,Coffee Shop,805
563,M2N,"Willowdale, Willowdale East",43.7701199,-79.40849279999998,TD Canada Trust,This spot is popular,Bank,880
564,M3N,Downsview,43.7616313,-79.52099940000002,Best Western Plus Toronto North York Hotel & Suites,This spot is popular,Hotel,818
565,M3N,Downsview,43.7616313,-79.52099940000002,Holiday Inn Express Toronto-North York,This spot is popular,Hotel,788
566,M3N,Downsview,43.7616313,-79.52099940000002,Pho Com Viet Nam,This spot is popular,Vietnamese Restaurant,596
567,M3N,Downsview,43.7616313,-79.52099940000002,Shoppers Drug Mart,This spot is popular,Pharmacy,737
568,M3N,Downsview,43.7616313,-79.52099940000002,Popeyes Louisiana Kitchen,This spot is popular,Fried Chicken Joint,686
569,M3N,Downsview,43.7616313,-79.52099940000002,Durante's No Frills,This spot is popular,Grocery Store,398
570,M3N,Downsview,43.7616313,-79.52099940000002,Nella Cutlery,This spot is popular,Kitchen Supply Store,752
571,M3N,Downsview,43.7616313,-79.52099940000002,Pizza Hut,This spot is popular,Pizza Place,642
572,M3N,Downsview,43.7616313,-79.52099940000002,KFC,This spot is popular,Fast Food Restaurant,606
573,M3N,Downsview,43.7616313,-79.52099940000002,The Beer Store,This spot is popular,Beer Store,725
574,M3N,Downsview,43.7616313,-79.52099940000002,Petro-Canada,This spot is popular,Gas Station,558
575,M3N,Downsview,43.7616313,-79.52099940000002,Pizza Pizza,This spot is popular,Pizza Place,752
576,M3N,Downsview,43.7616313,-79.52099940000002,Petro-Canada,This spot is popular,Gas Station,558
577,M3N,Downsview,43.7616313,-79.52099940000002,Subway,This spot is popular,Sandwich Place,646
578,M3N,Downsview,43.7616313,-79.52099940000002,LCBO,This spot is popular,Liquor Store,292
579,M3N,Downsview,43.7616313,-79.52099940000002,Tim Hortons,This spot is popular,Coffee Shop,944
580,M3N,Downsview,43.7616313,-79.52099940000002,Tim Hortons,This spot is popular,Coffee Shop,721
581,M3N,Downsview,43.7616313,-79.52099940000002,Dollarama,This spot is popular,Discount Store,398
582,M3N,Downsview,43.7616313,-79.52099940000002,Driftwood community centre,This spot is popular,Athletics & Sports,462
583,M3N,Downsview,43.7616313,-79.52099940000002,Planet Fitness,This spot is popular,Gym / Fitness Center,469
584,M3N,Downsview,43.7616313,-79.52099940000002,Rexall,This spot is popular,Pharmacy,559
585,M3N,Downsview,43.7616313,-79.52099940000002,Jian Hing Supermarket,This spot is popular,Grocery Store,588
586,M3N,Downsview,43.7616313,-79.52099940000002,McDonald's,This spot is popular,Fast Food Restaurant,733
587,M3N,Downsview,43.7616313,-79.52099940000002,Pita Land,This spot is popular,Falafel Restaurant,686
588,M3N,Downsview,43.7616313,-79.52099940000002,Living Well,This spot is popular,Caribbean Restaurant,702
589,M3N,Downsview,43.7616313,-79.52099940000002,Dollarama,This spot is popular,Discount Store,720
590,M3N,Downsview,43.7616313,-79.52099940000002,Perkins,This spot is popular,American Restaurant,767
591,M3N,Downsview,43.7616313,-79.52099940000002,Shoreham Plaza,This spot is popular,Shopping Mall,799
592,M3N,Downsview,43.7616313,-79.52099940000002,Travelodge Norfinch Drive Hotel Toronto,This spot is popular,Hotel,823
593,M3N,Downsview,43.7616313,-79.52099940000002,Mac's Convenience Store,This spot is popular,Snack Place,857
594,M3N,Downsview,43.7616313,-79.52099940000002,Tri Star Restaurant,This spot is popular,Chinese Restaurant,859
595,M3N,Downsview,43.7616313,-79.52099940000002,John Booth Memorial Arena,This spot is popular,Skating Rink,899
596,M3N,Downsview,43.7616313,-79.52099940000002,Hwy 400 at Finch W.,This spot is popular,Intersection,937
597,M3N,Downsview,43.7616313,-79.52099940000002,Comfort Inn,This spot is popular,Hotel,825
598,M2P,York Mills West,43.7527583,-79.4000493,Auberge du Pommier,This spot is popular,French Restaurant,901
599,M2P,York Mills West,43.7527583,-79.4000493,Rabba Fine Foods,This spot is popular,Grocery Store,919
600,M2P,York Mills West,43.7527583,-79.4000493,Avondale Park,This spot is popular,Dog Run,806
601,M2P,York Mills West,43.7527583,-79.4000493,Starbucks,This spot is popular,Coffee Shop,966
602,M2P,York Mills West,43.7527583,-79.4000493,Swiss Chalet,This spot is popular,Restaurant,780
603,M2P,York Mills West,43.7527583,-79.4000493,Petro-Canada,This spot is popular,Gas Station,949
604,M2P,York Mills West,43.7527583,-79.4000493,Tim Hortons,This spot is popular,Coffee Shop,991
605,M2P,York Mills West,43.7527583,-79.4000493,Tournament Park,This spot is popular,Park,169
606,M2P,York Mills West,43.7527583,-79.4000493,Kitchen Food Fair,This spot is popular,Convenience Store,195
607,M2P,York Mills West,43.7527583,-79.4000493,Cotswold Park,This spot is popular,Park,567
608,M2P,York Mills West,43.7527583,-79.4000493,Bowling Alley @ Skymark Condo,This spot is popular,Bowling Alley,664
609,M2P,York Mills West,43.7527583,-79.4000493,Pet Valu,This spot is popular,Pet Store,681
610,M2P,York Mills West,43.7527583,-79.4000493,Owen Park,This spot is popular,Park,839
611,M2P,York Mills West,43.7527583,-79.4000493,Afilias Canada,This spot is popular,Business Service,857
612,M2P,York Mills West,43.7527583,-79.4000493,Glendora Park,This spot is popular,Playground,970
613,M2P,York Mills West,43.7527583,-79.4000493,Marcello's Market and Deli,This spot is popular,Restaurant,972
614,M2P,York Mills West,43.7527583,-79.4000493,York Mills Prosthodontics,This spot is popular,Dentist's Office,979
615,M2P,York Mills West,43.7527583,-79.4000493,Mr. Souvlaki,This spot is popular,Restaurant,986
616,M2R,"Willowdale, Willowdale West",43.7827364,-79.4422593,Tov-Li,This spot is popular,Pizza Place,349
617,M2R,"Willowdale, Willowdale West",43.7827364,-79.4422593,Shoppers Drug Mart,This spot is popular,Pharmacy,383
618,M2R,"Willowdale, Willowdale West",43.7827364,-79.4422593,RBC Royal Bank,This spot is popular,Bank,372
619,M2R,"Willowdale, Willowdale West",43.7827364,-79.4422593,Tim Hortons,This spot is popular,Coffee Shop,255
620,M2R,"Willowdale, Willowdale West",43.7827364,-79.4422593,Shoppers Drug Mart,This spot is popular,Pharmacy,996
621,M2R,"Willowdale, Willowdale West",43.7827364,-79.4422593,Price Chopper,This spot is popular,Grocery Store,332
622,M2R,"Willowdale, Willowdale West",43.7827364,-79.4422593,Antibes Park,This spot is popular,Park,673
623,M2R,"Willowdale, Willowdale West",43.7827364,-79.4422593,Northview Variety,This spot is popular,Convenience Store,842
624,M2R,"Willowdale, Willowdale West",43.7827364,-79.4422593,Got to half it Baby!,This spot is popular,Baby Store,853
625,M2R,"Willowdale, Willowdale West",43.7827364,-79.4422593,Belle Restaurant,This spot is popular,Eastern European Restaurant,936
626,M2R,"Willowdale, Willowdale West",43.7827364,-79.4422593,Happy Bagel Bakery,This spot is popular,Bakery,972
627,M2R,"Willowdale, Willowdale West",43.7827364,-79.4422593,TTC Bus 36 Finch West,This spot is popular,Bus Line,989
